{
  "Rohan": {
    "username": "Rohan",
    "email": "rohankoirala098@gmail.com",
    "password_hash": "100dde6cde670594f32ce3f14765d059:6d8424d539cf9f50c0a8d91c031eec4fe220a86eca8c54b89656b10315916dc4",
    "age": 21,
    "grade": "Undergraduate",
    "user_info": "",
    "created_at": "2025-11-15T13:45:28.706488",
    "last_login": "2025-11-15T13:45:41.025683",
    "is_active": true,
    "preferences": {
      "theme": "light",
      "language": "en",
      "notifications": true,
      "difficulty_level": "intermediate"
    }
  }
}