[
  {
    "subject": "Physics",
    "grade": 11,
    "unit": "Mechanics",
    "topic_id": "2.5",
    "topic_title": "Derive expression for period of simple pendulum",
    "description": "Calculate the period of a simple pendulum using the formula T = 2π√(L/g) and explore its applications in timekeeping devices.",
    "elaboration": "Calculate the period of a simple pendulum using the formula T = 2π√(L/g), with applications in timekeeping devices.",
    "keywords": ["simple pendulum", "period", "oscillation", "gravity"],
    "references": "Page 27",
    "hours": 10,
    "type": "lesson_topic"
  },
  {
    "subject": "Physics",
    "grade": 11,
    "unit": "Mechanics",
    "topic_id": "2.6",
    "topic_title": "Describe scalar and vector products",
    "description": "Explain the concepts of scalar (dot) and vector (cross) products with applications like work and torque calculations.",
    "elaboration": "Explain scalar (dot) and vector (cross) products, with examples like work (scalar) and torque (vector) calculations.",
    "keywords": ["scalar product", "vector product", "dot product", "cross product"],
    "references": "Page 28",
    "hours": 10,
    "type": "lesson_topic"
  },
  {
    "subject": "Physics",
    "grade": 11,
    "unit": "Mechanics",
    "topic_id": "2.7",
    "topic_title": "Applications of scalar and vector products",
    "description": "Apply scalar products to calculate work done and vector products to compute torque in mechanical systems.",
    "elaboration": "Apply scalar products to compute work done and vector products for torque in mechanical systems.",
    "keywords": ["work", "torque", "scalar product", "vector product"],
    "references": "Page 28",
    "hours": 10,
    "type": "lesson_topic"
  },
  {
    "subject": "Physics",
    "grade": 11,
    "unit": "Mechanics",
    "topic_id": "3.2",
    "topic_title": "Relative velocity",
    "description": "Analyze the motion of objects relative to different reference frames, such as a boat crossing a river.",
    "elaboration": "Analyze motion of objects relative to different reference frames, such as a boat crossing a river.",
    "keywords": ["relative velocity", "reference frame", "motion"],
    "references": "Page 46",
    "hours": 9,
    "type": "lesson_topic"
  },
  {
    "subject": "Physics",
    "grade": 11,
    "unit": "Mechanics",
    "topic_id": "3.3",
    "topic_title": "Equation of motion using calculus and graphical methods",
    "description": "Derive equations of motion using integration and analyze motion through graphical methods like velocity vs. time graphs.",
    "elaboration": "Derive equations of motion using integration and analyze motion graphs (e.g., velocity vs. time).",
    "keywords": ["equations of motion", "calculus", "graphical analysis"],
    "references": "Page 46",
    "hours": 9,
    "type": "lesson_topic"
  },
  {
    "subject": "Physics",
    "grade": 11,
    "unit": "Mechanics",
    "topic_id": "4.2",
    "topic_title": "Force as rate of change of momentum",
    "description": "Relate force to the rate of change of momentum in dynamic systems, such as rocket propulsion.",
    "elaboration": "Relate force to momentum change in dynamic systems, such as rocket propulsion.",
    "keywords": ["force", "momentum", "Newton’s second law"],
    "references": "Page 29",
    "hours": 8,
    "type": "lesson_topic"
  },
  {
    "subject": "Physics",
    "grade": 11,
    "unit": "Mechanics",
    "topic_id": "4.3",
    "topic_title": "Principle of conservation of linear momentum",
    "description": "State and prove the principle of conservation of linear momentum with applications in collisions, like billiard ball interactions.",
    "elaboration": "Demonstrate conservation of momentum in collisions, such as billiard ball interactions.",
    "keywords": ["conservation of momentum", "collisions", "linear momentum"],
    "references": "Page 29",
    "hours": 8,
    "type": "lesson_topic"
  },
  {
    "subject": "Physics",
    "grade": 11,
    "unit": "Mechanics",
    "topic_id": "6.3",
    "topic_title": "Define centripetal force",
    "description": "Define and explain centripetal force required for circular motion, with examples like planetary orbits or car turns.",
    "elaboration": "Explain the force required for circular motion, with examples like planetary orbits or car turns.",
    "keywords": ["centripetal force", "circular motion", "orbits"],
    "references": "Page 29",
    "hours": 9,
    "type": "lesson_topic"
  },
  {
    "subject": "Physics",
    "grade": 11,
    "unit": "Mechanics",
    "topic_id": "6.4",
    "topic_title": "Centripetal acceleration",
    "description": "Derive the expression for centripetal acceleration (a = v²/r) and solve problems related to circular motion, such as satellite motion.",
    "elaboration": "Derive a = v²/r and apply it to problems like satellite motion.",
    "keywords": ["centripetal acceleration", "circular motion", "velocity"],
    "references": "Page 30",
    "hours": 9,
    "type": "lesson_topic"
  },
  {
    "subject": "Physics",
    "grade": 11,
    "unit": "Mechanics",
    "topic_id": "6.7",
    "topic_title": "Conical pendulum",
    "description": "Analyze the motion of a conical pendulum and derive its period, with applications in mechanical systems like governors.",
    "elaboration": "Analyze the motion of a conical pendulum and derive its period, used in mechanical systems like governors.",
    "keywords": ["conical pendulum", "period", "circular motion"],
    "references": "Page 47",
    "hours": 9,
    "type": "lesson_topic"
  },
  {
    "subject": "Physics",
    "grade": 11,
    "unit": "Mechanics",
    "topic_id": "6.8",
    "topic_title": "Motion in a vertical circle",
    "description": "Study forces and energy conservation in vertical circular motion, such as in a roller coaster loop.",
    "elaboration": "Study forces and energy in vertical circular motion, such as a roller coaster loop.",
    "keywords": ["vertical circle", "energy conservation", "circular motion"],
    "references": "Page 47",
    "hours": 9,
    "type": "lesson_topic"
  },
  {
    "subject": "Physics",
    "grade": 11,
    "unit": "Mechanics",
    "topic_id": "6.9",
    "topic_title": "Applications of banking",
    "description": "Apply banking angle concepts to design safe road curves for vehicles in circular motion.",
    "elaboration": "Apply banking angle concepts to design safe road curves for vehicles.",
    "keywords": ["banking", "circular motion", "vehicle dynamics"],
    "references": "Page 47",
    "hours": 9,
    "type": "lesson_topic"
  },
  {
    "subject": "Physics",
    "grade": 11,
    "unit": "Heat and Thermodynamics",
    "topic_id": "8.4",
    "topic_title": "Elastic moduli",
    "description": "Define Young’s modulus, bulk modulus, and Poisson’s ratio, with applications in material science, such as bridge construction.",
    "elaboration": "Explain elastic moduli and their applications in material science, such as bridge construction.",
    "keywords": ["Young’s modulus", "bulk modulus", "Poisson’s ratio", "elasticity"],
    "references": "Page 30",
    "hours": 6,
    "type": "lesson_topic"
  },
  {
    "subject": "Physics",
    "grade": 11,
    "unit": "Heat and Thermodynamics",
    "topic_id": "8.5",
    "topic_title": "Energy stored in a stretched wire",
    "description": "Derive the expression for elastic potential energy stored in a stretched wire, with applications in machinery like springs.",
    "elaboration": "Calculate elastic potential energy in deformed materials, like springs in machinery.",
    "keywords": ["elastic energy", "stretched wire", "potential energy"],
    "references": "Page 30",
    "hours": 6,
    "type": "lesson_topic"
  },
  {
    "subject": "Physics",
    "grade": 11,
    "unit": "Heat and Thermodynamics",
    "topic_id": "8.6",
    "topic_title": "Numerical problems on elasticity",
    "description": "Solve numerical problems and conceptual questions involving stress, strain, and elastic moduli in real-world structures.",
    "elaboration": "Address problems involving stress, strain, and elastic moduli in real-world structures.",
    "keywords": ["elasticity", "stress", "strain", "numerical problems"],
    "references": "Page 31",
    "hours": 6,
    "type": "lesson_topic"
  },
  {
    "subject": "Physics",
    "grade": 11,
    "unit": "Heat and Thermodynamics",
    "topic_id": "10.1",
    "topic_title": "Linear expansion and its measurement",
    "description": "Measure thermal expansion in solids using experimental setups, such as gaps in railway tracks.",
    "elaboration": "Measure thermal expansion in solids using experimental setups, like railway track gaps.",
    "keywords": ["linear expansion", "thermal expansion", "measurement"],
    "references": "Page 48",
    "hours": 6,
    "type": "lesson_topic"
  },
  {
    "subject": "Physics",
    "grade": 11,
    "unit": "Heat and Thermodynamics",
    "topic_id": "10.2",
    "topic_title": "Types of thermal expansion and their coefficients",
    "description": "Differentiate linear, superficial, and cubical thermal expansion and calculate their coefficients for materials.",
    "elaboration": "Differentiate types of thermal expansion and calculate coefficients for materials.",
    "keywords": ["thermal expansion", "linear expansion", "cubical expansion", "coefficients"],
    "references": "Page 32",
    "hours": 6,
    "type": "lesson_topic"
  },
  {
    "subject": "Physics",
    "grade": 11,
    "unit": "Waves and Optics",
    "topic_id": "11.1",
    "topic_title": "Phenomenon of interference",
    "description": "Explain constructive and destructive interference with examples like sound waves or light patterns.",
    "elaboration": "Describe constructive and destructive interference with examples like sound waves or light patterns.",
    "keywords": ["interference", "constructive interference", "destructive interference"],
    "references": "Page 36",
    "hours": 3,
    "type": "lesson_topic"
  },
  {
    "subject": "Physics",
    "grade": 11,
    "unit": "Waves and Optics",
    "topic_id": "11.2",
    "topic_title": "Coherent sources and their significance",
    "description": "Explain the role of coherent sources in producing stable interference patterns, as in lasers.",
    "elaboration": "Explain the role of coherent sources in producing stable interference patterns, as in lasers.",
    "keywords": ["coherent sources", "interference", "lasers"],
    "references": "Page 36",
    "hours": 3,
    "type": "lesson_topic"
  },
  {
    "subject": "Physics",
    "grade": 11,
    "unit": "Waves and Optics",
    "topic_id": "15.5",
    "topic_title": "Refractive indices and total internal reflection",
    "description": "Analyze light behavior at boundaries and calculate critical angles for applications like optical fibers.",
    "elaboration": "Analyze light behavior at boundaries, calculating critical angles for optical fibers.",
    "keywords": ["refractive index", "total internal reflection", "optical fibers"],
    "references": "Page 35",
    "hours": 3,
    "type": "lesson_topic"
  },
  {
    "subject": "Physics",
    "grade": 11,
    "unit": "Electricity and Magnetism",
    "topic_id": "14.3",
    "topic_title": "Meter bridge",
    "description": "Describe the working principle of a Meter bridge for measuring unknown resistances in electrical circuits.",
    "elaboration": "Explain the working principle of a Meter bridge for measuring unknown resistances.",
    "keywords": ["Meter bridge", "resistance", "Wheatstone bridge"],
    "references": "Page 36",
    "hours": 5,
    "type": "lesson_topic"
  },
  {
    "subject": "Physics",
    "grade": 11,
    "unit": "Electricity and Magnetism",
    "topic_id": "14.4",
    "topic_title": "Potentiometer",
    "description": "Explain the construction, working, and applications of a potentiometer in measuring EMF and potential differences.",
    "elaboration": "Describe potentiometer applications in measuring EMF and potential differences in circuits.",
    "keywords": ["potentiometer", "EMF", "potential difference"],
    "references": "Page 37",
    "hours": 5,
    "type": "lesson_topic"
  },
  {
    "subject": "Physics",
    "grade": 11,
    "unit": "Electricity and Magnetism",
    "topic_id": "19.4",
    "topic_title": "Coulomb’s law",
    "description": "Apply Coulomb’s law to calculate electrostatic forces between point charges in various systems.",
    "elaboration": "Apply Coulomb’s law to calculate forces between point charges, as in electrostatic interactions.",
    "keywords": ["Coulomb’s law", "electrostatic force", "charges"],
    "references": "Page 37",
    "hours": 5,
    "type": "lesson_topic"
  },
  {
    "subject": "Physics",
    "grade": 11,
    "unit": "Electricity and Magnetism",
    "topic_id": "21.2",
    "topic_title": "Electron volt as a unit of electric potential energy",
    "description": "Use electron volt as a unit for electric potential energy in atomic-scale calculations, such as electron transitions.",
    "elaboration": "Convert energy values to electron volts for atomic-scale calculations, like electron transitions.",
    "keywords": ["electron volt", "electric potential energy", "atomic physics"],
    "references": "Page 38",
    "hours": 5,
    "type": "lesson_topic"
  },
  {
    "subject": "Physics",
    "grade": 11,
    "unit": "Electricity and Magnetism",
    "topic_id": "21.3",
    "topic_title": "Electric potential due to point charges",
    "description": "Calculate electric potential due to point charges using V = Q/(4πε₀r), with applications in capacitor design.",
    "elaboration": "Calculate electric potential due to point charges, applicable in capacitor design.",
    "keywords": ["electric potential", "point charge", "capacitor"],
    "references": "Page 38",
    "hours": 5,
    "type": "lesson_topic"
  }
]